CUTS REPORT
"QUANT.","HEIGHT","LENGTH","THICKNESS","ORIENTATION","FINISH","PART","DESCRIPTION"
"2","160.0","60.0","1.8","H","MDF PANEL - white finish (melamine)","BODY - roof",""
"2","101.3","52.8333","1.8","H","MDF PANEL - wood texture","Ddoor 2",""
"4","98.2","60.0","1.8","H","MDF PANEL - white finish (melamine)","Body - vert. Divider",""
"1","60.0","50.3333","1.8","H","MDF PANEL - white finish (melamine)","Horiz - Divider",""
"1","60.0","52.1333","1.8","H","MDF PANEL - white finish (melamine)","Horiz - Divider",""
"1","60.0","50.3333","1.8","H","MDF PANEL - white finish (melamine)","Horiz - Divider",""
"1","52.8333","50.5437","1.8","H","MDF PANEL - wood texture","Door 3",""
"1","52.8333","50.3791","1.8","H","MDF PANEL - wood texture","Door 1",""
